Full Date,Date ID,Year,Quarter,Month,Month Name,Day,Weekday,Is Weekend
2014-01-03,1,2014,1,1,January,3,Friday,False
2014-01-04,2,2014,1,1,January,4,Saturday,True
2014-01-05,3,2014,1,1,January,5,Sunday,True
2014-01-06,4,2014,1,1,January,6,Monday,False
2014-01-07,5,2014,1,1,January,7,Tuesday,False
2014-01-08,6,2014,1,1,January,8,Wednesday,False
2014-01-09,7,2014,1,1,January,9,Thursday,False
2014-01-10,8,2014,1,1,January,10,Friday,False
2014-01-11,9,2014,1,1,January,11,Saturday,True
2014-01-12,10,2014,1,1,January,12,Sunday,True
2014-01-13,11,2014,1,1,January,13,Monday,False
2014-01-14,12,2014,1,1,January,14,Tuesday,False
2014-01-15,13,2014,1,1,January,15,Wednesday,False
2014-01-16,14,2014,1,1,January,16,Thursday,False
2014-01-17,15,2014,1,1,January,17,Friday,False
2014-01-18,16,2014,1,1,January,18,Saturday,True
2014-01-19,17,2014,1,1,January,19,Sunday,True
2014-01-20,18,2014,1,1,January,20,Monday,False
2014-01-21,19,2014,1,1,January,21,Tuesday,False
2014-01-23,20,2014,1,1,January,23,Thursday,False
2014-01-25,21,2014,1,1,January,25,Saturday,True
2014-01-26,22,2014,1,1,January,26,Sunday,True
2014-01-27,23,2014,1,1,January,27,Monday,False
2014-01-28,24,2014,1,1,January,28,Tuesday,False
2014-01-29,25,2014,1,1,January,29,Wednesday,False
2014-01-30,26,2014,1,1,January,30,Thursday,False
2014-01-31,27,2014,1,1,January,31,Friday,False
2014-02-01,28,2014,1,2,February,1,Saturday,True
2014-02-02,29,2014,1,2,February,2,Sunday,True
2014-02-03,30,2014,1,2,February,3,Monday,False
2014-02-04,31,2014,1,2,February,4,Tuesday,False
2014-02-06,32,2014,1,2,February,6,Thursday,False
2014-02-07,33,2014,1,2,February,7,Friday,False
2014-02-08,34,2014,1,2,February,8,Saturday,True
2014-02-09,35,2014,1,2,February,9,Sunday,True
2014-02-10,36,2014,1,2,February,10,Monday,False
2014-02-11,37,2014,1,2,February,11,Tuesday,False
2014-02-12,38,2014,1,2,February,12,Wednesday,False
2014-02-14,39,2014,1,2,February,14,Friday,False
2014-02-15,40,2014,1,2,February,15,Saturday,True
2014-02-16,41,2014,1,2,February,16,Sunday,True
2014-02-17,42,2014,1,2,February,17,Monday,False
2014-02-18,43,2014,1,2,February,18,Tuesday,False
2014-02-19,44,2014,1,2,February,19,Wednesday,False
2014-02-20,45,2014,1,2,February,20,Thursday,False
2014-02-21,46,2014,1,2,February,21,Friday,False
2014-02-22,47,2014,1,2,February,22,Saturday,True
2014-02-23,48,2014,1,2,February,23,Sunday,True
2014-02-24,49,2014,1,2,February,24,Monday,False
2014-02-25,50,2014,1,2,February,25,Tuesday,False
2014-02-26,51,2014,1,2,February,26,Wednesday,False
2014-02-27,52,2014,1,2,February,27,Thursday,False
2014-03-01,53,2014,1,3,March,1,Saturday,True
2014-03-02,54,2014,1,3,March,2,Sunday,True
2014-03-03,55,2014,1,3,March,3,Monday,False
2014-03-04,56,2014,1,3,March,4,Tuesday,False
2014-03-05,57,2014,1,3,March,5,Wednesday,False
2014-03-06,58,2014,1,3,March,6,Thursday,False
2014-03-07,59,2014,1,3,March,7,Friday,False
2014-03-08,60,2014,1,3,March,8,Saturday,True
2014-03-09,61,2014,1,3,March,9,Sunday,True
2014-03-10,62,2014,1,3,March,10,Monday,False
2014-03-11,63,2014,1,3,March,11,Tuesday,False
2014-03-12,64,2014,1,3,March,12,Wednesday,False
2014-03-13,65,2014,1,3,March,13,Thursday,False
2014-03-14,66,2014,1,3,March,14,Friday,False
2014-03-15,67,2014,1,3,March,15,Saturday,True
2014-03-16,68,2014,1,3,March,16,Sunday,True
2014-03-17,69,2014,1,3,March,17,Monday,False
2014-03-18,70,2014,1,3,March,18,Tuesday,False
2014-03-19,71,2014,1,3,March,19,Wednesday,False
2014-03-20,72,2014,1,3,March,20,Thursday,False
2014-03-21,73,2014,1,3,March,21,Friday,False
2014-03-22,74,2014,1,3,March,22,Saturday,True
2014-03-23,75,2014,1,3,March,23,Sunday,True
2014-03-24,76,2014,1,3,March,24,Monday,False
2014-03-25,77,2014,1,3,March,25,Tuesday,False
2014-03-26,78,2014,1,3,March,26,Wednesday,False
2014-03-28,79,2014,1,3,March,28,Friday,False
2014-03-29,80,2014,1,3,March,29,Saturday,True
2014-03-30,81,2014,1,3,March,30,Sunday,True
2014-03-31,82,2014,1,3,March,31,Monday,False
2014-04-01,83,2014,2,4,April,1,Tuesday,False
2014-04-02,84,2014,2,4,April,2,Wednesday,False
2014-04-03,85,2014,2,4,April,3,Thursday,False
2014-04-04,86,2014,2,4,April,4,Friday,False
2014-04-05,87,2014,2,4,April,5,Saturday,True
2014-04-06,88,2014,2,4,April,6,Sunday,True
2014-04-07,89,2014,2,4,April,7,Monday,False
2014-04-08,90,2014,2,4,April,8,Tuesday,False
2014-04-09,91,2014,2,4,April,9,Wednesday,False
2014-04-10,92,2014,2,4,April,10,Thursday,False
2014-04-11,93,2014,2,4,April,11,Friday,False
2014-04-12,94,2014,2,4,April,12,Saturday,True
2014-04-13,95,2014,2,4,April,13,Sunday,True
2014-04-15,96,2014,2,4,April,15,Tuesday,False
2014-04-16,97,2014,2,4,April,16,Wednesday,False
2014-04-17,98,2014,2,4,April,17,Thursday,False
2014-04-18,99,2014,2,4,April,18,Friday,False
2014-04-19,100,2014,2,4,April,19,Saturday,True
2014-04-20,101,2014,2,4,April,20,Sunday,True
2014-04-21,102,2014,2,4,April,21,Monday,False
2014-04-22,103,2014,2,4,April,22,Tuesday,False
2014-04-23,104,2014,2,4,April,23,Wednesday,False
2014-04-24,105,2014,2,4,April,24,Thursday,False
2014-04-25,106,2014,2,4,April,25,Friday,False
2014-04-26,107,2014,2,4,April,26,Saturday,True
2014-04-27,108,2014,2,4,April,27,Sunday,True
2014-04-28,109,2014,2,4,April,28,Monday,False
2014-04-29,110,2014,2,4,April,29,Tuesday,False
2014-04-30,111,2014,2,4,April,30,Wednesday,False
2014-05-01,112,2014,2,5,May,1,Thursday,False
2014-05-02,113,2014,2,5,May,2,Friday,False
2014-05-03,114,2014,2,5,May,3,Saturday,True
2014-05-04,115,2014,2,5,May,4,Sunday,True
2014-05-05,116,2014,2,5,May,5,Monday,False
2014-05-06,117,2014,2,5,May,6,Tuesday,False
2014-05-07,118,2014,2,5,May,7,Wednesday,False
2014-05-08,119,2014,2,5,May,8,Thursday,False
2014-05-09,120,2014,2,5,May,9,Friday,False
2014-05-10,121,2014,2,5,May,10,Saturday,True
2014-05-11,122,2014,2,5,May,11,Sunday,True
2014-05-12,123,2014,2,5,May,12,Monday,False
2014-05-13,124,2014,2,5,May,13,Tuesday,False
2014-05-14,125,2014,2,5,May,14,Wednesday,False
2014-05-15,126,2014,2,5,May,15,Thursday,False
2014-05-16,127,2014,2,5,May,16,Friday,False
2014-05-17,128,2014,2,5,May,17,Saturday,True
2014-05-18,129,2014,2,5,May,18,Sunday,True
2014-05-19,130,2014,2,5,May,19,Monday,False
2014-05-20,131,2014,2,5,May,20,Tuesday,False
2014-05-21,132,2014,2,5,May,21,Wednesday,False
2014-05-22,133,2014,2,5,May,22,Thursday,False
2014-05-23,134,2014,2,5,May,23,Friday,False
2014-05-24,135,2014,2,5,May,24,Saturday,True
2014-05-25,136,2014,2,5,May,25,Sunday,True
2014-05-26,137,2014,2,5,May,26,Monday,False
2014-05-27,138,2014,2,5,May,27,Tuesday,False
2014-05-28,139,2014,2,5,May,28,Wednesday,False
2014-05-29,140,2014,2,5,May,29,Thursday,False
2014-05-30,141,2014,2,5,May,30,Friday,False
2014-05-31,142,2014,2,5,May,31,Saturday,True
2014-06-01,143,2014,2,6,June,1,Sunday,True
2014-06-02,144,2014,2,6,June,2,Monday,False
2014-06-03,145,2014,2,6,June,3,Tuesday,False
2014-06-04,146,2014,2,6,June,4,Wednesday,False
2014-06-05,147,2014,2,6,June,5,Thursday,False
2014-06-06,148,2014,2,6,June,6,Friday,False
2014-06-07,149,2014,2,6,June,7,Saturday,True
2014-06-08,150,2014,2,6,June,8,Sunday,True
2014-06-09,151,2014,2,6,June,9,Monday,False
2014-06-10,152,2014,2,6,June,10,Tuesday,False
2014-06-11,153,2014,2,6,June,11,Wednesday,False
2014-06-12,154,2014,2,6,June,12,Thursday,False
2014-06-13,155,2014,2,6,June,13,Friday,False
2014-06-14,156,2014,2,6,June,14,Saturday,True
2014-06-15,157,2014,2,6,June,15,Sunday,True
2014-06-16,158,2014,2,6,June,16,Monday,False
2014-06-17,159,2014,2,6,June,17,Tuesday,False
2014-06-18,160,2014,2,6,June,18,Wednesday,False
2014-06-20,161,2014,2,6,June,20,Friday,False
2014-06-21,162,2014,2,6,June,21,Saturday,True
2014-06-22,163,2014,2,6,June,22,Sunday,True
2014-06-23,164,2014,2,6,June,23,Monday,False
2014-06-24,165,2014,2,6,June,24,Tuesday,False
2014-06-25,166,2014,2,6,June,25,Wednesday,False
2014-06-26,167,2014,2,6,June,26,Thursday,False
2014-06-27,168,2014,2,6,June,27,Friday,False
2014-06-28,169,2014,2,6,June,28,Saturday,True
2014-06-29,170,2014,2,6,June,29,Sunday,True
2014-06-30,171,2014,2,6,June,30,Monday,False
2014-07-01,172,2014,3,7,July,1,Tuesday,False
2014-07-02,173,2014,3,7,July,2,Wednesday,False
2014-07-03,174,2014,3,7,July,3,Thursday,False
2014-07-04,175,2014,3,7,July,4,Friday,False
2014-07-05,176,2014,3,7,July,5,Saturday,True
2014-07-06,177,2014,3,7,July,6,Sunday,True
2014-07-07,178,2014,3,7,July,7,Monday,False
2014-07-08,179,2014,3,7,July,8,Tuesday,False
2014-07-09,180,2014,3,7,July,9,Wednesday,False
2014-07-10,181,2014,3,7,July,10,Thursday,False
2014-07-11,182,2014,3,7,July,11,Friday,False
2014-07-12,183,2014,3,7,July,12,Saturday,True
2014-07-13,184,2014,3,7,July,13,Sunday,True
2014-07-14,185,2014,3,7,July,14,Monday,False
2014-07-15,186,2014,3,7,July,15,Tuesday,False
2014-07-16,187,2014,3,7,July,16,Wednesday,False
2014-07-17,188,2014,3,7,July,17,Thursday,False
2014-07-18,189,2014,3,7,July,18,Friday,False
2014-07-19,190,2014,3,7,July,19,Saturday,True
2014-07-20,191,2014,3,7,July,20,Sunday,True
2014-07-21,192,2014,3,7,July,21,Monday,False
2014-07-22,193,2014,3,7,July,22,Tuesday,False
2014-07-23,194,2014,3,7,July,23,Wednesday,False
2014-07-24,195,2014,3,7,July,24,Thursday,False
2014-07-25,196,2014,3,7,July,25,Friday,False
2014-07-26,197,2014,3,7,July,26,Saturday,True
2014-07-27,198,2014,3,7,July,27,Sunday,True
2014-07-28,199,2014,3,7,July,28,Monday,False
2014-07-29,200,2014,3,7,July,29,Tuesday,False
2014-07-30,201,2014,3,7,July,30,Wednesday,False
2014-08-01,202,2014,3,8,August,1,Friday,False
2014-08-02,203,2014,3,8,August,2,Saturday,True
2014-08-03,204,2014,3,8,August,3,Sunday,True
2014-08-04,205,2014,3,8,August,4,Monday,False
2014-08-05,206,2014,3,8,August,5,Tuesday,False
2014-08-06,207,2014,3,8,August,6,Wednesday,False
2014-08-07,208,2014,3,8,August,7,Thursday,False
2014-08-08,209,2014,3,8,August,8,Friday,False
2014-08-09,210,2014,3,8,August,9,Saturday,True
2014-08-10,211,2014,3,8,August,10,Sunday,True
2014-08-11,212,2014,3,8,August,11,Monday,False
2014-08-12,213,2014,3,8,August,12,Tuesday,False
2014-08-13,214,2014,3,8,August,13,Wednesday,False
2014-08-14,215,2014,3,8,August,14,Thursday,False
2014-08-15,216,2014,3,8,August,15,Friday,False
2014-08-16,217,2014,3,8,August,16,Saturday,True
2014-08-17,218,2014,3,8,August,17,Sunday,True
2014-08-18,219,2014,3,8,August,18,Monday,False
2014-08-19,220,2014,3,8,August,19,Tuesday,False
2014-08-20,221,2014,3,8,August,20,Wednesday,False
2014-08-21,222,2014,3,8,August,21,Thursday,False
2014-08-22,223,2014,3,8,August,22,Friday,False
2014-08-23,224,2014,3,8,August,23,Saturday,True
2014-08-24,225,2014,3,8,August,24,Sunday,True
2014-08-25,226,2014,3,8,August,25,Monday,False
2014-08-26,227,2014,3,8,August,26,Tuesday,False
2014-08-27,228,2014,3,8,August,27,Wednesday,False
2014-08-28,229,2014,3,8,August,28,Thursday,False
2014-08-29,230,2014,3,8,August,29,Friday,False
2014-08-30,231,2014,3,8,August,30,Saturday,True
2014-08-31,232,2014,3,8,August,31,Sunday,True
2014-09-01,233,2014,3,9,September,1,Monday,False
2014-09-02,234,2014,3,9,September,2,Tuesday,False
2014-09-03,235,2014,3,9,September,3,Wednesday,False
2014-09-04,236,2014,3,9,September,4,Thursday,False
2014-09-05,237,2014,3,9,September,5,Friday,False
2014-09-06,238,2014,3,9,September,6,Saturday,True
2014-09-07,239,2014,3,9,September,7,Sunday,True
2014-09-08,240,2014,3,9,September,8,Monday,False
2014-09-09,241,2014,3,9,September,9,Tuesday,False
2014-09-10,242,2014,3,9,September,10,Wednesday,False
2014-09-11,243,2014,3,9,September,11,Thursday,False
2014-09-12,244,2014,3,9,September,12,Friday,False
2014-09-13,245,2014,3,9,September,13,Saturday,True
2014-09-14,246,2014,3,9,September,14,Sunday,True
2014-09-15,247,2014,3,9,September,15,Monday,False
2014-09-16,248,2014,3,9,September,16,Tuesday,False
2014-09-17,249,2014,3,9,September,17,Wednesday,False
2014-09-18,250,2014,3,9,September,18,Thursday,False
2014-09-19,251,2014,3,9,September,19,Friday,False
2014-09-20,252,2014,3,9,September,20,Saturday,True
2014-09-21,253,2014,3,9,September,21,Sunday,True
2014-09-22,254,2014,3,9,September,22,Monday,False
2014-09-23,255,2014,3,9,September,23,Tuesday,False
2014-09-24,256,2014,3,9,September,24,Wednesday,False
2014-09-25,257,2014,3,9,September,25,Thursday,False
2014-09-26,258,2014,3,9,September,26,Friday,False
2014-09-27,259,2014,3,9,September,27,Saturday,True
2014-09-28,260,2014,3,9,September,28,Sunday,True
2014-09-29,261,2014,3,9,September,29,Monday,False
2014-09-30,262,2014,3,9,September,30,Tuesday,False
2014-10-01,263,2014,4,10,October,1,Wednesday,False
2014-10-02,264,2014,4,10,October,2,Thursday,False
2014-10-03,265,2014,4,10,October,3,Friday,False
2014-10-04,266,2014,4,10,October,4,Saturday,True
2014-10-05,267,2014,4,10,October,5,Sunday,True
2014-10-06,268,2014,4,10,October,6,Monday,False
2014-10-07,269,2014,4,10,October,7,Tuesday,False
2014-10-08,270,2014,4,10,October,8,Wednesday,False
2014-10-09,271,2014,4,10,October,9,Thursday,False
2014-10-10,272,2014,4,10,October,10,Friday,False
2014-10-11,273,2014,4,10,October,11,Saturday,True
2014-10-12,274,2014,4,10,October,12,Sunday,True
2014-10-13,275,2014,4,10,October,13,Monday,False
2014-10-14,276,2014,4,10,October,14,Tuesday,False
2014-10-15,277,2014,4,10,October,15,Wednesday,False
2014-10-16,278,2014,4,10,October,16,Thursday,False
2014-10-17,279,2014,4,10,October,17,Friday,False
2014-10-18,280,2014,4,10,October,18,Saturday,True
2014-10-19,281,2014,4,10,October,19,Sunday,True
2014-10-20,282,2014,4,10,October,20,Monday,False
2014-10-21,283,2014,4,10,October,21,Tuesday,False
2014-10-22,284,2014,4,10,October,22,Wednesday,False
2014-10-23,285,2014,4,10,October,23,Thursday,False
2014-10-24,286,2014,4,10,October,24,Friday,False
2014-10-25,287,2014,4,10,October,25,Saturday,True
2014-10-26,288,2014,4,10,October,26,Sunday,True
2014-10-27,289,2014,4,10,October,27,Monday,False
2014-10-28,290,2014,4,10,October,28,Tuesday,False
2014-10-29,291,2014,4,10,October,29,Wednesday,False
2014-10-30,292,2014,4,10,October,30,Thursday,False
2014-10-31,293,2014,4,10,October,31,Friday,False
2014-11-01,294,2014,4,11,November,1,Saturday,True
2014-11-02,295,2014,4,11,November,2,Sunday,True
2014-11-03,296,2014,4,11,November,3,Monday,False
2014-11-04,297,2014,4,11,November,4,Tuesday,False
2014-11-05,298,2014,4,11,November,5,Wednesday,False
2014-11-06,299,2014,4,11,November,6,Thursday,False
2014-11-07,300,2014,4,11,November,7,Friday,False
2014-11-08,301,2014,4,11,November,8,Saturday,True
2014-11-09,302,2014,4,11,November,9,Sunday,True
2014-11-10,303,2014,4,11,November,10,Monday,False
2014-11-11,304,2014,4,11,November,11,Tuesday,False
2014-11-12,305,2014,4,11,November,12,Wednesday,False
2014-11-13,306,2014,4,11,November,13,Thursday,False
2014-11-14,307,2014,4,11,November,14,Friday,False
2014-11-15,308,2014,4,11,November,15,Saturday,True
2014-11-16,309,2014,4,11,November,16,Sunday,True
2014-11-17,310,2014,4,11,November,17,Monday,False
2014-11-18,311,2014,4,11,November,18,Tuesday,False
2014-11-19,312,2014,4,11,November,19,Wednesday,False
2014-11-20,313,2014,4,11,November,20,Thursday,False
2014-11-21,314,2014,4,11,November,21,Friday,False
2014-11-22,315,2014,4,11,November,22,Saturday,True
2014-11-23,316,2014,4,11,November,23,Sunday,True
2014-11-24,317,2014,4,11,November,24,Monday,False
2014-11-25,318,2014,4,11,November,25,Tuesday,False
2014-11-26,319,2014,4,11,November,26,Wednesday,False
2014-11-27,320,2014,4,11,November,27,Thursday,False
2014-11-28,321,2014,4,11,November,28,Friday,False
2014-11-29,322,2014,4,11,November,29,Saturday,True
2014-11-30,323,2014,4,11,November,30,Sunday,True
2014-12-01,324,2014,4,12,December,1,Monday,False
2014-12-02,325,2014,4,12,December,2,Tuesday,False
2014-12-03,326,2014,4,12,December,3,Wednesday,False
2014-12-04,327,2014,4,12,December,4,Thursday,False
2014-12-05,328,2014,4,12,December,5,Friday,False
2014-12-06,329,2014,4,12,December,6,Saturday,True
2014-12-07,330,2014,4,12,December,7,Sunday,True
2014-12-08,331,2014,4,12,December,8,Monday,False
2014-12-09,332,2014,4,12,December,9,Tuesday,False
2014-12-10,333,2014,4,12,December,10,Wednesday,False
2014-12-11,334,2014,4,12,December,11,Thursday,False
2014-12-12,335,2014,4,12,December,12,Friday,False
2014-12-13,336,2014,4,12,December,13,Saturday,True
2014-12-14,337,2014,4,12,December,14,Sunday,True
2014-12-15,338,2014,4,12,December,15,Monday,False
2014-12-16,339,2014,4,12,December,16,Tuesday,False
2014-12-17,340,2014,4,12,December,17,Wednesday,False
2014-12-18,341,2014,4,12,December,18,Thursday,False
2014-12-19,342,2014,4,12,December,19,Friday,False
2014-12-20,343,2014,4,12,December,20,Saturday,True
2014-12-21,344,2014,4,12,December,21,Sunday,True
2014-12-22,345,2014,4,12,December,22,Monday,False
2014-12-23,346,2014,4,12,December,23,Tuesday,False
2014-12-24,347,2014,4,12,December,24,Wednesday,False
2014-12-25,348,2014,4,12,December,25,Thursday,False
2014-12-26,349,2014,4,12,December,26,Friday,False
2014-12-27,350,2014,4,12,December,27,Saturday,True
2014-12-28,351,2014,4,12,December,28,Sunday,True
2014-12-29,352,2014,4,12,December,29,Monday,False
2014-12-30,353,2014,4,12,December,30,Tuesday,False
2014-12-31,354,2014,4,12,December,31,Wednesday,False
2015-01-01,355,2015,1,1,January,1,Thursday,False
2015-01-02,356,2015,1,1,January,2,Friday,False
2015-01-03,357,2015,1,1,January,3,Saturday,True
2015-01-04,358,2015,1,1,January,4,Sunday,True
2015-01-05,359,2015,1,1,January,5,Monday,False
2015-01-06,360,2015,1,1,January,6,Tuesday,False
2015-01-07,361,2015,1,1,January,7,Wednesday,False
2015-01-08,362,2015,1,1,January,8,Thursday,False
2015-01-09,363,2015,1,1,January,9,Friday,False
2015-01-10,364,2015,1,1,January,10,Saturday,True
2015-01-12,365,2015,1,1,January,12,Monday,False
2015-01-13,366,2015,1,1,January,13,Tuesday,False
2015-01-15,367,2015,1,1,January,15,Thursday,False
2015-01-17,368,2015,1,1,January,17,Saturday,True
2015-01-18,369,2015,1,1,January,18,Sunday,True
2015-01-19,370,2015,1,1,January,19,Monday,False
2015-01-22,371,2015,1,1,January,22,Thursday,False
2015-01-23,372,2015,1,1,January,23,Friday,False
2015-01-24,373,2015,1,1,January,24,Saturday,True
2015-01-26,374,2015,1,1,January,26,Monday,False
2015-01-27,375,2015,1,1,January,27,Tuesday,False
2015-01-28,376,2015,1,1,January,28,Wednesday,False
2015-01-29,377,2015,1,1,January,29,Thursday,False
2015-01-30,378,2015,1,1,January,30,Friday,False
2015-01-31,379,2015,1,1,January,31,Saturday,True
2015-02-01,380,2015,1,2,February,1,Sunday,True
2015-02-03,381,2015,1,2,February,3,Tuesday,False
2015-02-04,382,2015,1,2,February,4,Wednesday,False
2015-02-05,383,2015,1,2,February,5,Thursday,False
2015-02-06,384,2015,1,2,February,6,Friday,False
2015-02-07,385,2015,1,2,February,7,Saturday,True
2015-02-08,386,2015,1,2,February,8,Sunday,True
2015-02-09,387,2015,1,2,February,9,Monday,False
2015-02-10,388,2015,1,2,February,10,Tuesday,False
2015-02-11,389,2015,1,2,February,11,Wednesday,False
2015-02-13,390,2015,1,2,February,13,Friday,False
2015-02-14,391,2015,1,2,February,14,Saturday,True
2015-02-15,392,2015,1,2,February,15,Sunday,True
2015-02-16,393,2015,1,2,February,16,Monday,False
2015-02-18,394,2015,1,2,February,18,Wednesday,False
2015-02-19,395,2015,1,2,February,19,Thursday,False
2015-02-20,396,2015,1,2,February,20,Friday,False
2015-02-21,397,2015,1,2,February,21,Saturday,True
2015-02-22,398,2015,1,2,February,22,Sunday,True
2015-02-23,399,2015,1,2,February,23,Monday,False
2015-02-24,400,2015,1,2,February,24,Tuesday,False
2015-02-25,401,2015,1,2,February,25,Wednesday,False
2015-02-27,402,2015,1,2,February,27,Friday,False
2015-02-28,403,2015,1,2,February,28,Saturday,True
2015-03-01,404,2015,1,3,March,1,Sunday,True
2015-03-02,405,2015,1,3,March,2,Monday,False
2015-03-03,406,2015,1,3,March,3,Tuesday,False
2015-03-04,407,2015,1,3,March,4,Wednesday,False
2015-03-05,408,2015,1,3,March,5,Thursday,False
2015-03-06,409,2015,1,3,March,6,Friday,False
2015-03-07,410,2015,1,3,March,7,Saturday,True
2015-03-08,411,2015,1,3,March,8,Sunday,True
2015-03-09,412,2015,1,3,March,9,Monday,False
2015-03-10,413,2015,1,3,March,10,Tuesday,False
2015-03-11,414,2015,1,3,March,11,Wednesday,False
2015-03-12,415,2015,1,3,March,12,Thursday,False
2015-03-13,416,2015,1,3,March,13,Friday,False
2015-03-14,417,2015,1,3,March,14,Saturday,True
2015-03-15,418,2015,1,3,March,15,Sunday,True
2015-03-16,419,2015,1,3,March,16,Monday,False
2015-03-17,420,2015,1,3,March,17,Tuesday,False
2015-03-18,421,2015,1,3,March,18,Wednesday,False
2015-03-19,422,2015,1,3,March,19,Thursday,False
2015-03-20,423,2015,1,3,March,20,Friday,False
2015-03-21,424,2015,1,3,March,21,Saturday,True
2015-03-22,425,2015,1,3,March,22,Sunday,True
2015-03-23,426,2015,1,3,March,23,Monday,False
2015-03-24,427,2015,1,3,March,24,Tuesday,False
2015-03-25,428,2015,1,3,March,25,Wednesday,False
2015-03-26,429,2015,1,3,March,26,Thursday,False
2015-03-27,430,2015,1,3,March,27,Friday,False
2015-03-28,431,2015,1,3,March,28,Saturday,True
2015-03-29,432,2015,1,3,March,29,Sunday,True
2015-03-30,433,2015,1,3,March,30,Monday,False
2015-03-31,434,2015,1,3,March,31,Tuesday,False
2015-04-02,435,2015,2,4,April,2,Thursday,False
2015-04-03,436,2015,2,4,April,3,Friday,False
2015-04-04,437,2015,2,4,April,4,Saturday,True
2015-04-05,438,2015,2,4,April,5,Sunday,True
2015-04-06,439,2015,2,4,April,6,Monday,False
2015-04-07,440,2015,2,4,April,7,Tuesday,False
2015-04-08,441,2015,2,4,April,8,Wednesday,False
2015-04-09,442,2015,2,4,April,9,Thursday,False
2015-04-10,443,2015,2,4,April,10,Friday,False
2015-04-11,444,2015,2,4,April,11,Saturday,True
2015-04-12,445,2015,2,4,April,12,Sunday,True
2015-04-13,446,2015,2,4,April,13,Monday,False
2015-04-14,447,2015,2,4,April,14,Tuesday,False
2015-04-15,448,2015,2,4,April,15,Wednesday,False
2015-04-16,449,2015,2,4,April,16,Thursday,False
2015-04-17,450,2015,2,4,April,17,Friday,False
2015-04-18,451,2015,2,4,April,18,Saturday,True
2015-04-19,452,2015,2,4,April,19,Sunday,True
2015-04-20,453,2015,2,4,April,20,Monday,False
2015-04-21,454,2015,2,4,April,21,Tuesday,False
2015-04-22,455,2015,2,4,April,22,Wednesday,False
2015-04-23,456,2015,2,4,April,23,Thursday,False
2015-04-24,457,2015,2,4,April,24,Friday,False
2015-04-25,458,2015,2,4,April,25,Saturday,True
2015-04-26,459,2015,2,4,April,26,Sunday,True
2015-04-27,460,2015,2,4,April,27,Monday,False
2015-04-28,461,2015,2,4,April,28,Tuesday,False
2015-04-29,462,2015,2,4,April,29,Wednesday,False
2015-04-30,463,2015,2,4,April,30,Thursday,False
2015-05-01,464,2015,2,5,May,1,Friday,False
2015-05-02,465,2015,2,5,May,2,Saturday,True
2015-05-03,466,2015,2,5,May,3,Sunday,True
2015-05-04,467,2015,2,5,May,4,Monday,False
2015-05-05,468,2015,2,5,May,5,Tuesday,False
2015-05-06,469,2015,2,5,May,6,Wednesday,False
2015-05-07,470,2015,2,5,May,7,Thursday,False
2015-05-08,471,2015,2,5,May,8,Friday,False
2015-05-09,472,2015,2,5,May,9,Saturday,True
2015-05-10,473,2015,2,5,May,10,Sunday,True
2015-05-11,474,2015,2,5,May,11,Monday,False
2015-05-12,475,2015,2,5,May,12,Tuesday,False
2015-05-13,476,2015,2,5,May,13,Wednesday,False
2015-05-14,477,2015,2,5,May,14,Thursday,False
2015-05-15,478,2015,2,5,May,15,Friday,False
2015-05-16,479,2015,2,5,May,16,Saturday,True
2015-05-17,480,2015,2,5,May,17,Sunday,True
2015-05-18,481,2015,2,5,May,18,Monday,False
2015-05-19,482,2015,2,5,May,19,Tuesday,False
2015-05-20,483,2015,2,5,May,20,Wednesday,False
2015-05-21,484,2015,2,5,May,21,Thursday,False
2015-05-22,485,2015,2,5,May,22,Friday,False
2015-05-23,486,2015,2,5,May,23,Saturday,True
2015-05-24,487,2015,2,5,May,24,Sunday,True
2015-05-25,488,2015,2,5,May,25,Monday,False
2015-05-26,489,2015,2,5,May,26,Tuesday,False
2015-05-27,490,2015,2,5,May,27,Wednesday,False
2015-05-28,491,2015,2,5,May,28,Thursday,False
2015-05-29,492,2015,2,5,May,29,Friday,False
2015-05-30,493,2015,2,5,May,30,Saturday,True
2015-05-31,494,2015,2,5,May,31,Sunday,True
2015-06-01,495,2015,2,6,June,1,Monday,False
2015-06-02,496,2015,2,6,June,2,Tuesday,False
2015-06-03,497,2015,2,6,June,3,Wednesday,False
2015-06-04,498,2015,2,6,June,4,Thursday,False
2015-06-05,499,2015,2,6,June,5,Friday,False
2015-06-07,500,2015,2,6,June,7,Sunday,True
2015-06-08,501,2015,2,6,June,8,Monday,False
2015-06-09,502,2015,2,6,June,9,Tuesday,False
2015-06-10,503,2015,2,6,June,10,Wednesday,False
2015-06-11,504,2015,2,6,June,11,Thursday,False
2015-06-12,505,2015,2,6,June,12,Friday,False
2015-06-13,506,2015,2,6,June,13,Saturday,True
2015-06-14,507,2015,2,6,June,14,Sunday,True
2015-06-15,508,2015,2,6,June,15,Monday,False
2015-06-16,509,2015,2,6,June,16,Tuesday,False
2015-06-17,510,2015,2,6,June,17,Wednesday,False
2015-06-18,511,2015,2,6,June,18,Thursday,False
2015-06-19,512,2015,2,6,June,19,Friday,False
2015-06-20,513,2015,2,6,June,20,Saturday,True
2015-06-21,514,2015,2,6,June,21,Sunday,True
2015-06-22,515,2015,2,6,June,22,Monday,False
2015-06-23,516,2015,2,6,June,23,Tuesday,False
2015-06-24,517,2015,2,6,June,24,Wednesday,False
2015-06-25,518,2015,2,6,June,25,Thursday,False
2015-06-26,519,2015,2,6,June,26,Friday,False
2015-06-27,520,2015,2,6,June,27,Saturday,True
2015-06-28,521,2015,2,6,June,28,Sunday,True
2015-06-29,522,2015,2,6,June,29,Monday,False
2015-06-30,523,2015,2,6,June,30,Tuesday,False
2015-07-01,524,2015,3,7,July,1,Wednesday,False
2015-07-02,525,2015,3,7,July,2,Thursday,False
2015-07-03,526,2015,3,7,July,3,Friday,False
2015-07-04,527,2015,3,7,July,4,Saturday,True
2015-07-05,528,2015,3,7,July,5,Sunday,True
2015-07-06,529,2015,3,7,July,6,Monday,False
2015-07-08,530,2015,3,7,July,8,Wednesday,False
2015-07-09,531,2015,3,7,July,9,Thursday,False
2015-07-10,532,2015,3,7,July,10,Friday,False
2015-07-11,533,2015,3,7,July,11,Saturday,True
2015-07-12,534,2015,3,7,July,12,Sunday,True
2015-07-13,535,2015,3,7,July,13,Monday,False
2015-07-14,536,2015,3,7,July,14,Tuesday,False
2015-07-15,537,2015,3,7,July,15,Wednesday,False
2015-07-16,538,2015,3,7,July,16,Thursday,False
2015-07-17,539,2015,3,7,July,17,Friday,False
2015-07-18,540,2015,3,7,July,18,Saturday,True
2015-07-19,541,2015,3,7,July,19,Sunday,True
2015-07-20,542,2015,3,7,July,20,Monday,False
2015-07-21,543,2015,3,7,July,21,Tuesday,False
2015-07-22,544,2015,3,7,July,22,Wednesday,False
2015-07-23,545,2015,3,7,July,23,Thursday,False
2015-07-24,546,2015,3,7,July,24,Friday,False
2015-07-25,547,2015,3,7,July,25,Saturday,True
2015-07-26,548,2015,3,7,July,26,Sunday,True
2015-07-27,549,2015,3,7,July,27,Monday,False
2015-07-28,550,2015,3,7,July,28,Tuesday,False
2015-07-29,551,2015,3,7,July,29,Wednesday,False
2015-07-30,552,2015,3,7,July,30,Thursday,False
2015-07-31,553,2015,3,7,July,31,Friday,False
2015-08-01,554,2015,3,8,August,1,Saturday,True
2015-08-02,555,2015,3,8,August,2,Sunday,True
2015-08-03,556,2015,3,8,August,3,Monday,False
2015-08-05,557,2015,3,8,August,5,Wednesday,False
2015-08-06,558,2015,3,8,August,6,Thursday,False
2015-08-07,559,2015,3,8,August,7,Friday,False
2015-08-08,560,2015,3,8,August,8,Saturday,True
2015-08-09,561,2015,3,8,August,9,Sunday,True
2015-08-10,562,2015,3,8,August,10,Monday,False
2015-08-11,563,2015,3,8,August,11,Tuesday,False
2015-08-12,564,2015,3,8,August,12,Wednesday,False
2015-08-13,565,2015,3,8,August,13,Thursday,False
2015-08-14,566,2015,3,8,August,14,Friday,False
2015-08-15,567,2015,3,8,August,15,Saturday,True
2015-08-16,568,2015,3,8,August,16,Sunday,True
2015-08-17,569,2015,3,8,August,17,Monday,False
2015-08-19,570,2015,3,8,August,19,Wednesday,False
2015-08-20,571,2015,3,8,August,20,Thursday,False
2015-08-21,572,2015,3,8,August,21,Friday,False
2015-08-22,573,2015,3,8,August,22,Saturday,True
2015-08-23,574,2015,3,8,August,23,Sunday,True
2015-08-24,575,2015,3,8,August,24,Monday,False
2015-08-25,576,2015,3,8,August,25,Tuesday,False
2015-08-26,577,2015,3,8,August,26,Wednesday,False
2015-08-27,578,2015,3,8,August,27,Thursday,False
2015-08-28,579,2015,3,8,August,28,Friday,False
2015-08-29,580,2015,3,8,August,29,Saturday,True
2015-08-30,581,2015,3,8,August,30,Sunday,True
2015-08-31,582,2015,3,8,August,31,Monday,False
2015-09-01,583,2015,3,9,September,1,Tuesday,False
2015-09-02,584,2015,3,9,September,2,Wednesday,False
2015-09-03,585,2015,3,9,September,3,Thursday,False
2015-09-04,586,2015,3,9,September,4,Friday,False
2015-09-05,587,2015,3,9,September,5,Saturday,True
2015-09-06,588,2015,3,9,September,6,Sunday,True
2015-09-07,589,2015,3,9,September,7,Monday,False
2015-09-08,590,2015,3,9,September,8,Tuesday,False
2015-09-09,591,2015,3,9,September,9,Wednesday,False
2015-09-10,592,2015,3,9,September,10,Thursday,False
2015-09-11,593,2015,3,9,September,11,Friday,False
2015-09-12,594,2015,3,9,September,12,Saturday,True
2015-09-13,595,2015,3,9,September,13,Sunday,True
2015-09-14,596,2015,3,9,September,14,Monday,False
2015-09-15,597,2015,3,9,September,15,Tuesday,False
2015-09-16,598,2015,3,9,September,16,Wednesday,False
2015-09-17,599,2015,3,9,September,17,Thursday,False
2015-09-18,600,2015,3,9,September,18,Friday,False
2015-09-19,601,2015,3,9,September,19,Saturday,True
2015-09-20,602,2015,3,9,September,20,Sunday,True
2015-09-21,603,2015,3,9,September,21,Monday,False
2015-09-22,604,2015,3,9,September,22,Tuesday,False
2015-09-23,605,2015,3,9,September,23,Wednesday,False
2015-09-24,606,2015,3,9,September,24,Thursday,False
2015-09-25,607,2015,3,9,September,25,Friday,False
2015-09-26,608,2015,3,9,September,26,Saturday,True
2015-09-27,609,2015,3,9,September,27,Sunday,True
2015-09-28,610,2015,3,9,September,28,Monday,False
2015-09-29,611,2015,3,9,September,29,Tuesday,False
2015-09-30,612,2015,3,9,September,30,Wednesday,False
2015-10-01,613,2015,4,10,October,1,Thursday,False
2015-10-02,614,2015,4,10,October,2,Friday,False
2015-10-03,615,2015,4,10,October,3,Saturday,True
2015-10-04,616,2015,4,10,October,4,Sunday,True
2015-10-05,617,2015,4,10,October,5,Monday,False
2015-10-06,618,2015,4,10,October,6,Tuesday,False
2015-10-07,619,2015,4,10,October,7,Wednesday,False
2015-10-08,620,2015,4,10,October,8,Thursday,False
2015-10-09,621,2015,4,10,October,9,Friday,False
2015-10-10,622,2015,4,10,October,10,Saturday,True
2015-10-11,623,2015,4,10,October,11,Sunday,True
2015-10-12,624,2015,4,10,October,12,Monday,False
2015-10-13,625,2015,4,10,October,13,Tuesday,False
2015-10-14,626,2015,4,10,October,14,Wednesday,False
2015-10-15,627,2015,4,10,October,15,Thursday,False
2015-10-16,628,2015,4,10,October,16,Friday,False
2015-10-17,629,2015,4,10,October,17,Saturday,True
2015-10-18,630,2015,4,10,October,18,Sunday,True
2015-10-19,631,2015,4,10,October,19,Monday,False
2015-10-20,632,2015,4,10,October,20,Tuesday,False
2015-10-22,633,2015,4,10,October,22,Thursday,False
2015-10-23,634,2015,4,10,October,23,Friday,False
2015-10-24,635,2015,4,10,October,24,Saturday,True
2015-10-25,636,2015,4,10,October,25,Sunday,True
2015-10-26,637,2015,4,10,October,26,Monday,False
2015-10-27,638,2015,4,10,October,27,Tuesday,False
2015-10-28,639,2015,4,10,October,28,Wednesday,False
2015-10-29,640,2015,4,10,October,29,Thursday,False
2015-10-30,641,2015,4,10,October,30,Friday,False
2015-10-31,642,2015,4,10,October,31,Saturday,True
2015-11-01,643,2015,4,11,November,1,Sunday,True
2015-11-02,644,2015,4,11,November,2,Monday,False
2015-11-03,645,2015,4,11,November,3,Tuesday,False
2015-11-04,646,2015,4,11,November,4,Wednesday,False
2015-11-05,647,2015,4,11,November,5,Thursday,False
2015-11-06,648,2015,4,11,November,6,Friday,False
2015-11-07,649,2015,4,11,November,7,Saturday,True
2015-11-08,650,2015,4,11,November,8,Sunday,True
2015-11-09,651,2015,4,11,November,9,Monday,False
2015-11-10,652,2015,4,11,November,10,Tuesday,False
2015-11-11,653,2015,4,11,November,11,Wednesday,False
2015-11-12,654,2015,4,11,November,12,Thursday,False
2015-11-13,655,2015,4,11,November,13,Friday,False
2015-11-14,656,2015,4,11,November,14,Saturday,True
2015-11-15,657,2015,4,11,November,15,Sunday,True
2015-11-16,658,2015,4,11,November,16,Monday,False
2015-11-17,659,2015,4,11,November,17,Tuesday,False
2015-11-18,660,2015,4,11,November,18,Wednesday,False
2015-11-19,661,2015,4,11,November,19,Thursday,False
2015-11-20,662,2015,4,11,November,20,Friday,False
2015-11-21,663,2015,4,11,November,21,Saturday,True
2015-11-22,664,2015,4,11,November,22,Sunday,True
2015-11-23,665,2015,4,11,November,23,Monday,False
2015-11-24,666,2015,4,11,November,24,Tuesday,False
2015-11-25,667,2015,4,11,November,25,Wednesday,False
2015-11-26,668,2015,4,11,November,26,Thursday,False
2015-11-27,669,2015,4,11,November,27,Friday,False
2015-11-28,670,2015,4,11,November,28,Saturday,True
2015-11-29,671,2015,4,11,November,29,Sunday,True
2015-11-30,672,2015,4,11,November,30,Monday,False
2015-12-01,673,2015,4,12,December,1,Tuesday,False
2015-12-02,674,2015,4,12,December,2,Wednesday,False
2015-12-03,675,2015,4,12,December,3,Thursday,False
2015-12-04,676,2015,4,12,December,4,Friday,False
2015-12-05,677,2015,4,12,December,5,Saturday,True
2015-12-06,678,2015,4,12,December,6,Sunday,True
2015-12-07,679,2015,4,12,December,7,Monday,False
2015-12-08,680,2015,4,12,December,8,Tuesday,False
2015-12-09,681,2015,4,12,December,9,Wednesday,False
2015-12-10,682,2015,4,12,December,10,Thursday,False
2015-12-11,683,2015,4,12,December,11,Friday,False
2015-12-12,684,2015,4,12,December,12,Saturday,True
2015-12-13,685,2015,4,12,December,13,Sunday,True
2015-12-14,686,2015,4,12,December,14,Monday,False
2015-12-15,687,2015,4,12,December,15,Tuesday,False
2015-12-16,688,2015,4,12,December,16,Wednesday,False
2015-12-17,689,2015,4,12,December,17,Thursday,False
2015-12-18,690,2015,4,12,December,18,Friday,False
2015-12-19,691,2015,4,12,December,19,Saturday,True
2015-12-20,692,2015,4,12,December,20,Sunday,True
2015-12-21,693,2015,4,12,December,21,Monday,False
2015-12-22,694,2015,4,12,December,22,Tuesday,False
2015-12-23,695,2015,4,12,December,23,Wednesday,False
2015-12-24,696,2015,4,12,December,24,Thursday,False
2015-12-25,697,2015,4,12,December,25,Friday,False
2015-12-26,698,2015,4,12,December,26,Saturday,True
2015-12-27,699,2015,4,12,December,27,Sunday,True
2015-12-28,700,2015,4,12,December,28,Monday,False
2015-12-29,701,2015,4,12,December,29,Tuesday,False
2015-12-30,702,2015,4,12,December,30,Wednesday,False
2015-12-31,703,2015,4,12,December,31,Thursday,False
2016-01-01,704,2016,1,1,January,1,Friday,False
2016-01-02,705,2016,1,1,January,2,Saturday,True
2016-01-03,706,2016,1,1,January,3,Sunday,True
2016-01-04,707,2016,1,1,January,4,Monday,False
2016-01-05,708,2016,1,1,January,5,Tuesday,False
2016-01-07,709,2016,1,1,January,7,Thursday,False
2016-01-08,710,2016,1,1,January,8,Friday,False
2016-01-09,711,2016,1,1,January,9,Saturday,True
2016-01-10,712,2016,1,1,January,10,Sunday,True
2016-01-11,713,2016,1,1,January,11,Monday,False
2016-01-12,714,2016,1,1,January,12,Tuesday,False
2016-01-13,715,2016,1,1,January,13,Wednesday,False
2016-01-14,716,2016,1,1,January,14,Thursday,False
2016-01-15,717,2016,1,1,January,15,Friday,False
2016-01-16,718,2016,1,1,January,16,Saturday,True
2016-01-17,719,2016,1,1,January,17,Sunday,True
2016-01-19,720,2016,1,1,January,19,Tuesday,False
2016-01-20,721,2016,1,1,January,20,Wednesday,False
2016-01-21,722,2016,1,1,January,21,Thursday,False
2016-01-22,723,2016,1,1,January,22,Friday,False
2016-01-23,724,2016,1,1,January,23,Saturday,True
2016-01-24,725,2016,1,1,January,24,Sunday,True
2016-01-25,726,2016,1,1,January,25,Monday,False
2016-01-26,727,2016,1,1,January,26,Tuesday,False
2016-01-27,728,2016,1,1,January,27,Wednesday,False
2016-01-28,729,2016,1,1,January,28,Thursday,False
2016-01-29,730,2016,1,1,January,29,Friday,False
2016-01-30,731,2016,1,1,January,30,Saturday,True
2016-01-31,732,2016,1,1,January,31,Sunday,True
2016-02-01,733,2016,1,2,February,1,Monday,False
2016-02-02,734,2016,1,2,February,2,Tuesday,False
2016-02-03,735,2016,1,2,February,3,Wednesday,False
2016-02-04,736,2016,1,2,February,4,Thursday,False
2016-02-05,737,2016,1,2,February,5,Friday,False
2016-02-06,738,2016,1,2,February,6,Saturday,True
2016-02-07,739,2016,1,2,February,7,Sunday,True
2016-02-08,740,2016,1,2,February,8,Monday,False
2016-02-09,741,2016,1,2,February,9,Tuesday,False
2016-02-10,742,2016,1,2,February,10,Wednesday,False
2016-02-11,743,2016,1,2,February,11,Thursday,False
2016-02-12,744,2016,1,2,February,12,Friday,False
2016-02-13,745,2016,1,2,February,13,Saturday,True
2016-02-14,746,2016,1,2,February,14,Sunday,True
2016-02-15,747,2016,1,2,February,15,Monday,False
2016-02-16,748,2016,1,2,February,16,Tuesday,False
2016-02-18,749,2016,1,2,February,18,Thursday,False
2016-02-19,750,2016,1,2,February,19,Friday,False
2016-02-20,751,2016,1,2,February,20,Saturday,True
2016-02-21,752,2016,1,2,February,21,Sunday,True
2016-02-22,753,2016,1,2,February,22,Monday,False
2016-02-23,754,2016,1,2,February,23,Tuesday,False
2016-02-24,755,2016,1,2,February,24,Wednesday,False
2016-02-25,756,2016,1,2,February,25,Thursday,False
2016-02-26,757,2016,1,2,February,26,Friday,False
2016-02-27,758,2016,1,2,February,27,Saturday,True
2016-02-28,759,2016,1,2,February,28,Sunday,True
2016-02-29,760,2016,1,2,February,29,Monday,False
2016-03-01,761,2016,1,3,March,1,Tuesday,False
2016-03-02,762,2016,1,3,March,2,Wednesday,False
2016-03-03,763,2016,1,3,March,3,Thursday,False
2016-03-04,764,2016,1,3,March,4,Friday,False
2016-03-05,765,2016,1,3,March,5,Saturday,True
2016-03-06,766,2016,1,3,March,6,Sunday,True
2016-03-07,767,2016,1,3,March,7,Monday,False
2016-03-08,768,2016,1,3,March,8,Tuesday,False
2016-03-09,769,2016,1,3,March,9,Wednesday,False
2016-03-10,770,2016,1,3,March,10,Thursday,False
2016-03-11,771,2016,1,3,March,11,Friday,False
2016-03-12,772,2016,1,3,March,12,Saturday,True
2016-03-13,773,2016,1,3,March,13,Sunday,True
2016-03-14,774,2016,1,3,March,14,Monday,False
2016-03-15,775,2016,1,3,March,15,Tuesday,False
2016-03-16,776,2016,1,3,March,16,Wednesday,False
2016-03-17,777,2016,1,3,March,17,Thursday,False
2016-03-18,778,2016,1,3,March,18,Friday,False
2016-03-19,779,2016,1,3,March,19,Saturday,True
2016-03-20,780,2016,1,3,March,20,Sunday,True
2016-03-21,781,2016,1,3,March,21,Monday,False
2016-03-22,782,2016,1,3,March,22,Tuesday,False
2016-03-23,783,2016,1,3,March,23,Wednesday,False
2016-03-24,784,2016,1,3,March,24,Thursday,False
2016-03-25,785,2016,1,3,March,25,Friday,False
2016-03-26,786,2016,1,3,March,26,Saturday,True
2016-03-27,787,2016,1,3,March,27,Sunday,True
2016-03-28,788,2016,1,3,March,28,Monday,False
2016-03-29,789,2016,1,3,March,29,Tuesday,False
2016-03-30,790,2016,1,3,March,30,Wednesday,False
2016-03-31,791,2016,1,3,March,31,Thursday,False
2016-04-01,792,2016,2,4,April,1,Friday,False
2016-04-02,793,2016,2,4,April,2,Saturday,True
2016-04-03,794,2016,2,4,April,3,Sunday,True
2016-04-04,795,2016,2,4,April,4,Monday,False
2016-04-05,796,2016,2,4,April,5,Tuesday,False
2016-04-06,797,2016,2,4,April,6,Wednesday,False
2016-04-07,798,2016,2,4,April,7,Thursday,False
2016-04-08,799,2016,2,4,April,8,Friday,False
2016-04-09,800,2016,2,4,April,9,Saturday,True
2016-04-10,801,2016,2,4,April,10,Sunday,True
2016-04-11,802,2016,2,4,April,11,Monday,False
2016-04-12,803,2016,2,4,April,12,Tuesday,False
2016-04-13,804,2016,2,4,April,13,Wednesday,False
2016-04-14,805,2016,2,4,April,14,Thursday,False
2016-04-15,806,2016,2,4,April,15,Friday,False
2016-04-16,807,2016,2,4,April,16,Saturday,True
2016-04-17,808,2016,2,4,April,17,Sunday,True
2016-04-18,809,2016,2,4,April,18,Monday,False
2016-04-19,810,2016,2,4,April,19,Tuesday,False
2016-04-20,811,2016,2,4,April,20,Wednesday,False
2016-04-21,812,2016,2,4,April,21,Thursday,False
2016-04-22,813,2016,2,4,April,22,Friday,False
2016-04-23,814,2016,2,4,April,23,Saturday,True
2016-04-24,815,2016,2,4,April,24,Sunday,True
2016-04-25,816,2016,2,4,April,25,Monday,False
2016-04-26,817,2016,2,4,April,26,Tuesday,False
2016-04-27,818,2016,2,4,April,27,Wednesday,False
2016-04-28,819,2016,2,4,April,28,Thursday,False
2016-04-29,820,2016,2,4,April,29,Friday,False
2016-04-30,821,2016,2,4,April,30,Saturday,True
2016-05-01,822,2016,2,5,May,1,Sunday,True
2016-05-02,823,2016,2,5,May,2,Monday,False
2016-05-03,824,2016,2,5,May,3,Tuesday,False
2016-05-04,825,2016,2,5,May,4,Wednesday,False
2016-05-05,826,2016,2,5,May,5,Thursday,False
2016-05-06,827,2016,2,5,May,6,Friday,False
2016-05-07,828,2016,2,5,May,7,Saturday,True
2016-05-08,829,2016,2,5,May,8,Sunday,True
2016-05-09,830,2016,2,5,May,9,Monday,False
2016-05-10,831,2016,2,5,May,10,Tuesday,False
2016-05-11,832,2016,2,5,May,11,Wednesday,False
2016-05-12,833,2016,2,5,May,12,Thursday,False
2016-05-13,834,2016,2,5,May,13,Friday,False
2016-05-14,835,2016,2,5,May,14,Saturday,True
2016-05-15,836,2016,2,5,May,15,Sunday,True
2016-05-16,837,2016,2,5,May,16,Monday,False
2016-05-17,838,2016,2,5,May,17,Tuesday,False
2016-05-18,839,2016,2,5,May,18,Wednesday,False
2016-05-19,840,2016,2,5,May,19,Thursday,False
2016-05-20,841,2016,2,5,May,20,Friday,False
2016-05-21,842,2016,2,5,May,21,Saturday,True
2016-05-22,843,2016,2,5,May,22,Sunday,True
2016-05-23,844,2016,2,5,May,23,Monday,False
2016-05-24,845,2016,2,5,May,24,Tuesday,False
2016-05-25,846,2016,2,5,May,25,Wednesday,False
2016-05-26,847,2016,2,5,May,26,Thursday,False
2016-05-27,848,2016,2,5,May,27,Friday,False
2016-05-28,849,2016,2,5,May,28,Saturday,True
2016-05-29,850,2016,2,5,May,29,Sunday,True
2016-05-30,851,2016,2,5,May,30,Monday,False
2016-05-31,852,2016,2,5,May,31,Tuesday,False
2016-06-01,853,2016,2,6,June,1,Wednesday,False
2016-06-02,854,2016,2,6,June,2,Thursday,False
2016-06-03,855,2016,2,6,June,3,Friday,False
2016-06-04,856,2016,2,6,June,4,Saturday,True
2016-06-05,857,2016,2,6,June,5,Sunday,True
2016-06-06,858,2016,2,6,June,6,Monday,False
2016-06-07,859,2016,2,6,June,7,Tuesday,False
2016-06-09,860,2016,2,6,June,9,Thursday,False
2016-06-10,861,2016,2,6,June,10,Friday,False
2016-06-11,862,2016,2,6,June,11,Saturday,True
2016-06-12,863,2016,2,6,June,12,Sunday,True
2016-06-13,864,2016,2,6,June,13,Monday,False
2016-06-14,865,2016,2,6,June,14,Tuesday,False
2016-06-15,866,2016,2,6,June,15,Wednesday,False
2016-06-16,867,2016,2,6,June,16,Thursday,False
2016-06-17,868,2016,2,6,June,17,Friday,False
2016-06-18,869,2016,2,6,June,18,Saturday,True
2016-06-19,870,2016,2,6,June,19,Sunday,True
2016-06-20,871,2016,2,6,June,20,Monday,False
2016-06-21,872,2016,2,6,June,21,Tuesday,False
2016-06-22,873,2016,2,6,June,22,Wednesday,False
2016-06-23,874,2016,2,6,June,23,Thursday,False
2016-06-24,875,2016,2,6,June,24,Friday,False
2016-06-25,876,2016,2,6,June,25,Saturday,True
2016-06-26,877,2016,2,6,June,26,Sunday,True
2016-06-27,878,2016,2,6,June,27,Monday,False
2016-06-28,879,2016,2,6,June,28,Tuesday,False
2016-06-29,880,2016,2,6,June,29,Wednesday,False
2016-06-30,881,2016,2,6,June,30,Thursday,False
2016-07-01,882,2016,3,7,July,1,Friday,False
2016-07-02,883,2016,3,7,July,2,Saturday,True
2016-07-03,884,2016,3,7,July,3,Sunday,True
2016-07-04,885,2016,3,7,July,4,Monday,False
2016-07-06,886,2016,3,7,July,6,Wednesday,False
2016-07-07,887,2016,3,7,July,7,Thursday,False
2016-07-08,888,2016,3,7,July,8,Friday,False
2016-07-09,889,2016,3,7,July,9,Saturday,True
2016-07-10,890,2016,3,7,July,10,Sunday,True
2016-07-11,891,2016,3,7,July,11,Monday,False
2016-07-12,892,2016,3,7,July,12,Tuesday,False
2016-07-13,893,2016,3,7,July,13,Wednesday,False
2016-07-14,894,2016,3,7,July,14,Thursday,False
2016-07-15,895,2016,3,7,July,15,Friday,False
2016-07-16,896,2016,3,7,July,16,Saturday,True
2016-07-17,897,2016,3,7,July,17,Sunday,True
2016-07-18,898,2016,3,7,July,18,Monday,False
2016-07-19,899,2016,3,7,July,19,Tuesday,False
2016-07-20,900,2016,3,7,July,20,Wednesday,False
2016-07-21,901,2016,3,7,July,21,Thursday,False
2016-07-22,902,2016,3,7,July,22,Friday,False
2016-07-23,903,2016,3,7,July,23,Saturday,True
2016-07-24,904,2016,3,7,July,24,Sunday,True
2016-07-25,905,2016,3,7,July,25,Monday,False
2016-07-26,906,2016,3,7,July,26,Tuesday,False
2016-07-27,907,2016,3,7,July,27,Wednesday,False
2016-07-28,908,2016,3,7,July,28,Thursday,False
2016-07-29,909,2016,3,7,July,29,Friday,False
2016-07-30,910,2016,3,7,July,30,Saturday,True
2016-07-31,911,2016,3,7,July,31,Sunday,True
2016-08-01,912,2016,3,8,August,1,Monday,False
2016-08-02,913,2016,3,8,August,2,Tuesday,False
2016-08-03,914,2016,3,8,August,3,Wednesday,False
2016-08-04,915,2016,3,8,August,4,Thursday,False
2016-08-05,916,2016,3,8,August,5,Friday,False
2016-08-06,917,2016,3,8,August,6,Saturday,True
2016-08-07,918,2016,3,8,August,7,Sunday,True
2016-08-08,919,2016,3,8,August,8,Monday,False
2016-08-09,920,2016,3,8,August,9,Tuesday,False
2016-08-10,921,2016,3,8,August,10,Wednesday,False
2016-08-11,922,2016,3,8,August,11,Thursday,False
2016-08-12,923,2016,3,8,August,12,Friday,False
2016-08-13,924,2016,3,8,August,13,Saturday,True
2016-08-14,925,2016,3,8,August,14,Sunday,True
2016-08-15,926,2016,3,8,August,15,Monday,False
2016-08-16,927,2016,3,8,August,16,Tuesday,False
2016-08-17,928,2016,3,8,August,17,Wednesday,False
2016-08-18,929,2016,3,8,August,18,Thursday,False
2016-08-19,930,2016,3,8,August,19,Friday,False
2016-08-20,931,2016,3,8,August,20,Saturday,True
2016-08-21,932,2016,3,8,August,21,Sunday,True
2016-08-22,933,2016,3,8,August,22,Monday,False
2016-08-23,934,2016,3,8,August,23,Tuesday,False
2016-08-24,935,2016,3,8,August,24,Wednesday,False
2016-08-25,936,2016,3,8,August,25,Thursday,False
2016-08-26,937,2016,3,8,August,26,Friday,False
2016-08-27,938,2016,3,8,August,27,Saturday,True
2016-08-28,939,2016,3,8,August,28,Sunday,True
2016-08-29,940,2016,3,8,August,29,Monday,False
2016-08-30,941,2016,3,8,August,30,Tuesday,False
2016-08-31,942,2016,3,8,August,31,Wednesday,False
2016-09-01,943,2016,3,9,September,1,Thursday,False
2016-09-02,944,2016,3,9,September,2,Friday,False
2016-09-03,945,2016,3,9,September,3,Saturday,True
2016-09-04,946,2016,3,9,September,4,Sunday,True
2016-09-05,947,2016,3,9,September,5,Monday,False
2016-09-06,948,2016,3,9,September,6,Tuesday,False
2016-09-07,949,2016,3,9,September,7,Wednesday,False
2016-09-08,950,2016,3,9,September,8,Thursday,False
2016-09-09,951,2016,3,9,September,9,Friday,False
2016-09-10,952,2016,3,9,September,10,Saturday,True
2016-09-11,953,2016,3,9,September,11,Sunday,True
2016-09-12,954,2016,3,9,September,12,Monday,False
2016-09-13,955,2016,3,9,September,13,Tuesday,False
2016-09-14,956,2016,3,9,September,14,Wednesday,False
2016-09-15,957,2016,3,9,September,15,Thursday,False
2016-09-16,958,2016,3,9,September,16,Friday,False
2016-09-17,959,2016,3,9,September,17,Saturday,True
2016-09-18,960,2016,3,9,September,18,Sunday,True
2016-09-19,961,2016,3,9,September,19,Monday,False
2016-09-20,962,2016,3,9,September,20,Tuesday,False
2016-09-21,963,2016,3,9,September,21,Wednesday,False
2016-09-22,964,2016,3,9,September,22,Thursday,False
2016-09-23,965,2016,3,9,September,23,Friday,False
2016-09-24,966,2016,3,9,September,24,Saturday,True
2016-09-25,967,2016,3,9,September,25,Sunday,True
2016-09-26,968,2016,3,9,September,26,Monday,False
2016-09-27,969,2016,3,9,September,27,Tuesday,False
2016-09-28,970,2016,3,9,September,28,Wednesday,False
2016-09-29,971,2016,3,9,September,29,Thursday,False
2016-09-30,972,2016,3,9,September,30,Friday,False
2016-10-01,973,2016,4,10,October,1,Saturday,True
2016-10-02,974,2016,4,10,October,2,Sunday,True
2016-10-03,975,2016,4,10,October,3,Monday,False
2016-10-04,976,2016,4,10,October,4,Tuesday,False
2016-10-05,977,2016,4,10,October,5,Wednesday,False
2016-10-06,978,2016,4,10,October,6,Thursday,False
2016-10-07,979,2016,4,10,October,7,Friday,False
2016-10-08,980,2016,4,10,October,8,Saturday,True
2016-10-09,981,2016,4,10,October,9,Sunday,True
2016-10-10,982,2016,4,10,October,10,Monday,False
2016-10-11,983,2016,4,10,October,11,Tuesday,False
2016-10-12,984,2016,4,10,October,12,Wednesday,False
2016-10-13,985,2016,4,10,October,13,Thursday,False
2016-10-14,986,2016,4,10,October,14,Friday,False
2016-10-15,987,2016,4,10,October,15,Saturday,True
2016-10-16,988,2016,4,10,October,16,Sunday,True
2016-10-17,989,2016,4,10,October,17,Monday,False
2016-10-18,990,2016,4,10,October,18,Tuesday,False
2016-10-19,991,2016,4,10,October,19,Wednesday,False
2016-10-20,992,2016,4,10,October,20,Thursday,False
2016-10-21,993,2016,4,10,October,21,Friday,False
2016-10-22,994,2016,4,10,October,22,Saturday,True
2016-10-23,995,2016,4,10,October,23,Sunday,True
2016-10-24,996,2016,4,10,October,24,Monday,False
2016-10-25,997,2016,4,10,October,25,Tuesday,False
2016-10-26,998,2016,4,10,October,26,Wednesday,False
2016-10-27,999,2016,4,10,October,27,Thursday,False
2016-10-28,1000,2016,4,10,October,28,Friday,False
2016-10-29,1001,2016,4,10,October,29,Saturday,True
2016-10-30,1002,2016,4,10,October,30,Sunday,True
2016-10-31,1003,2016,4,10,October,31,Monday,False
2016-11-01,1004,2016,4,11,November,1,Tuesday,False
2016-11-02,1005,2016,4,11,November,2,Wednesday,False
2016-11-03,1006,2016,4,11,November,3,Thursday,False
2016-11-04,1007,2016,4,11,November,4,Friday,False
2016-11-05,1008,2016,4,11,November,5,Saturday,True
2016-11-06,1009,2016,4,11,November,6,Sunday,True
2016-11-07,1010,2016,4,11,November,7,Monday,False
2016-11-08,1011,2016,4,11,November,8,Tuesday,False
2016-11-09,1012,2016,4,11,November,9,Wednesday,False
2016-11-10,1013,2016,4,11,November,10,Thursday,False
2016-11-11,1014,2016,4,11,November,11,Friday,False
2016-11-12,1015,2016,4,11,November,12,Saturday,True
2016-11-13,1016,2016,4,11,November,13,Sunday,True
2016-11-14,1017,2016,4,11,November,14,Monday,False
2016-11-15,1018,2016,4,11,November,15,Tuesday,False
2016-11-16,1019,2016,4,11,November,16,Wednesday,False
2016-11-17,1020,2016,4,11,November,17,Thursday,False
2016-11-18,1021,2016,4,11,November,18,Friday,False
2016-11-19,1022,2016,4,11,November,19,Saturday,True
2016-11-20,1023,2016,4,11,November,20,Sunday,True
2016-11-21,1024,2016,4,11,November,21,Monday,False
2016-11-22,1025,2016,4,11,November,22,Tuesday,False
2016-11-23,1026,2016,4,11,November,23,Wednesday,False
2016-11-24,1027,2016,4,11,November,24,Thursday,False
2016-11-25,1028,2016,4,11,November,25,Friday,False
2016-11-26,1029,2016,4,11,November,26,Saturday,True
2016-11-27,1030,2016,4,11,November,27,Sunday,True
2016-11-28,1031,2016,4,11,November,28,Monday,False
2016-11-29,1032,2016,4,11,November,29,Tuesday,False
2016-11-30,1033,2016,4,11,November,30,Wednesday,False
2016-12-01,1034,2016,4,12,December,1,Thursday,False
2016-12-02,1035,2016,4,12,December,2,Friday,False
2016-12-03,1036,2016,4,12,December,3,Saturday,True
2016-12-04,1037,2016,4,12,December,4,Sunday,True
2016-12-05,1038,2016,4,12,December,5,Monday,False
2016-12-06,1039,2016,4,12,December,6,Tuesday,False
2016-12-07,1040,2016,4,12,December,7,Wednesday,False
2016-12-08,1041,2016,4,12,December,8,Thursday,False
2016-12-09,1042,2016,4,12,December,9,Friday,False
2016-12-10,1043,2016,4,12,December,10,Saturday,True
2016-12-11,1044,2016,4,12,December,11,Sunday,True
2016-12-12,1045,2016,4,12,December,12,Monday,False
2016-12-13,1046,2016,4,12,December,13,Tuesday,False
2016-12-14,1047,2016,4,12,December,14,Wednesday,False
2016-12-15,1048,2016,4,12,December,15,Thursday,False
2016-12-16,1049,2016,4,12,December,16,Friday,False
2016-12-17,1050,2016,4,12,December,17,Saturday,True
2016-12-18,1051,2016,4,12,December,18,Sunday,True
2016-12-19,1052,2016,4,12,December,19,Monday,False
2016-12-20,1053,2016,4,12,December,20,Tuesday,False
2016-12-21,1054,2016,4,12,December,21,Wednesday,False
2016-12-22,1055,2016,4,12,December,22,Thursday,False
2016-12-23,1056,2016,4,12,December,23,Friday,False
2016-12-24,1057,2016,4,12,December,24,Saturday,True
2016-12-25,1058,2016,4,12,December,25,Sunday,True
2016-12-26,1059,2016,4,12,December,26,Monday,False
2016-12-27,1060,2016,4,12,December,27,Tuesday,False
2016-12-28,1061,2016,4,12,December,28,Wednesday,False
2016-12-29,1062,2016,4,12,December,29,Thursday,False
2016-12-30,1063,2016,4,12,December,30,Friday,False
2016-12-31,1064,2016,4,12,December,31,Saturday,True
2017-01-01,1065,2017,1,1,January,1,Sunday,True
2017-01-02,1066,2017,1,1,January,2,Monday,False
2017-01-03,1067,2017,1,1,January,3,Tuesday,False
2017-01-04,1068,2017,1,1,January,4,Wednesday,False
2017-01-05,1069,2017,1,1,January,5,Thursday,False
2017-01-06,1070,2017,1,1,January,6,Friday,False
2017-01-07,1071,2017,1,1,January,7,Saturday,True
2017-01-08,1072,2017,1,1,January,8,Sunday,True
2017-01-09,1073,2017,1,1,January,9,Monday,False
2017-01-10,1074,2017,1,1,January,10,Tuesday,False
2017-01-11,1075,2017,1,1,January,11,Wednesday,False
2017-01-12,1076,2017,1,1,January,12,Thursday,False
2017-01-13,1077,2017,1,1,January,13,Friday,False
2017-01-14,1078,2017,1,1,January,14,Saturday,True
2017-01-15,1079,2017,1,1,January,15,Sunday,True
2017-01-16,1080,2017,1,1,January,16,Monday,False
2017-01-17,1081,2017,1,1,January,17,Tuesday,False
2017-01-18,1082,2017,1,1,January,18,Wednesday,False
2017-01-19,1083,2017,1,1,January,19,Thursday,False
2017-01-20,1084,2017,1,1,January,20,Friday,False
2017-01-21,1085,2017,1,1,January,21,Saturday,True
2017-01-22,1086,2017,1,1,January,22,Sunday,True
2017-01-23,1087,2017,1,1,January,23,Monday,False
2017-01-24,1088,2017,1,1,January,24,Tuesday,False
2017-01-25,1089,2017,1,1,January,25,Wednesday,False
2017-01-26,1090,2017,1,1,January,26,Thursday,False
2017-01-27,1091,2017,1,1,January,27,Friday,False
2017-01-28,1092,2017,1,1,January,28,Saturday,True
2017-01-29,1093,2017,1,1,January,29,Sunday,True
2017-01-30,1094,2017,1,1,January,30,Monday,False
2017-01-31,1095,2017,1,1,January,31,Tuesday,False
2017-02-01,1096,2017,1,2,February,1,Wednesday,False
2017-02-02,1097,2017,1,2,February,2,Thursday,False
2017-02-03,1098,2017,1,2,February,3,Friday,False
2017-02-04,1099,2017,1,2,February,4,Saturday,True
2017-02-05,1100,2017,1,2,February,5,Sunday,True
2017-02-06,1101,2017,1,2,February,6,Monday,False
2017-02-07,1102,2017,1,2,February,7,Tuesday,False
2017-02-08,1103,2017,1,2,February,8,Wednesday,False
2017-02-09,1104,2017,1,2,February,9,Thursday,False
2017-02-10,1105,2017,1,2,February,10,Friday,False
2017-02-11,1106,2017,1,2,February,11,Saturday,True
2017-02-12,1107,2017,1,2,February,12,Sunday,True
2017-02-13,1108,2017,1,2,February,13,Monday,False
2017-02-14,1109,2017,1,2,February,14,Tuesday,False
2017-02-15,1110,2017,1,2,February,15,Wednesday,False
2017-02-16,1111,2017,1,2,February,16,Thursday,False
2017-02-17,1112,2017,1,2,February,17,Friday,False
2017-02-18,1113,2017,1,2,February,18,Saturday,True
2017-02-19,1114,2017,1,2,February,19,Sunday,True
2017-02-20,1115,2017,1,2,February,20,Monday,False
2017-02-21,1116,2017,1,2,February,21,Tuesday,False
2017-02-22,1117,2017,1,2,February,22,Wednesday,False
2017-02-23,1118,2017,1,2,February,23,Thursday,False
2017-02-24,1119,2017,1,2,February,24,Friday,False
2017-02-25,1120,2017,1,2,February,25,Saturday,True
2017-02-26,1121,2017,1,2,February,26,Sunday,True
2017-02-27,1122,2017,1,2,February,27,Monday,False
2017-02-28,1123,2017,1,2,February,28,Tuesday,False
2017-03-01,1124,2017,1,3,March,1,Wednesday,False
2017-03-02,1125,2017,1,3,March,2,Thursday,False
2017-03-03,1126,2017,1,3,March,3,Friday,False
2017-03-04,1127,2017,1,3,March,4,Saturday,True
2017-03-05,1128,2017,1,3,March,5,Sunday,True
2017-03-06,1129,2017,1,3,March,6,Monday,False
2017-03-07,1130,2017,1,3,March,7,Tuesday,False
2017-03-08,1131,2017,1,3,March,8,Wednesday,False
2017-03-09,1132,2017,1,3,March,9,Thursday,False
2017-03-10,1133,2017,1,3,March,10,Friday,False
2017-03-11,1134,2017,1,3,March,11,Saturday,True
2017-03-12,1135,2017,1,3,March,12,Sunday,True
2017-03-13,1136,2017,1,3,March,13,Monday,False
2017-03-14,1137,2017,1,3,March,14,Tuesday,False
2017-03-15,1138,2017,1,3,March,15,Wednesday,False
2017-03-16,1139,2017,1,3,March,16,Thursday,False
2017-03-17,1140,2017,1,3,March,17,Friday,False
2017-03-18,1141,2017,1,3,March,18,Saturday,True
2017-03-19,1142,2017,1,3,March,19,Sunday,True
2017-03-20,1143,2017,1,3,March,20,Monday,False
2017-03-21,1144,2017,1,3,March,21,Tuesday,False
2017-03-22,1145,2017,1,3,March,22,Wednesday,False
2017-03-23,1146,2017,1,3,March,23,Thursday,False
2017-03-24,1147,2017,1,3,March,24,Friday,False
2017-03-25,1148,2017,1,3,March,25,Saturday,True
2017-03-26,1149,2017,1,3,March,26,Sunday,True
2017-03-27,1150,2017,1,3,March,27,Monday,False
2017-03-28,1151,2017,1,3,March,28,Tuesday,False
2017-03-29,1152,2017,1,3,March,29,Wednesday,False
2017-03-30,1153,2017,1,3,March,30,Thursday,False
2017-03-31,1154,2017,1,3,March,31,Friday,False
2017-04-01,1155,2017,2,4,April,1,Saturday,True
2017-04-02,1156,2017,2,4,April,2,Sunday,True
2017-04-03,1157,2017,2,4,April,3,Monday,False
2017-04-04,1158,2017,2,4,April,4,Tuesday,False
2017-04-05,1159,2017,2,4,April,5,Wednesday,False
2017-04-06,1160,2017,2,4,April,6,Thursday,False
2017-04-07,1161,2017,2,4,April,7,Friday,False
2017-04-08,1162,2017,2,4,April,8,Saturday,True
2017-04-09,1163,2017,2,4,April,9,Sunday,True
2017-04-10,1164,2017,2,4,April,10,Monday,False
2017-04-11,1165,2017,2,4,April,11,Tuesday,False
2017-04-12,1166,2017,2,4,April,12,Wednesday,False
2017-04-13,1167,2017,2,4,April,13,Thursday,False
2017-04-14,1168,2017,2,4,April,14,Friday,False
2017-04-15,1169,2017,2,4,April,15,Saturday,True
2017-04-16,1170,2017,2,4,April,16,Sunday,True
2017-04-17,1171,2017,2,4,April,17,Monday,False
2017-04-18,1172,2017,2,4,April,18,Tuesday,False
2017-04-19,1173,2017,2,4,April,19,Wednesday,False
2017-04-20,1174,2017,2,4,April,20,Thursday,False
2017-04-21,1175,2017,2,4,April,21,Friday,False
2017-04-22,1176,2017,2,4,April,22,Saturday,True
2017-04-23,1177,2017,2,4,April,23,Sunday,True
2017-04-24,1178,2017,2,4,April,24,Monday,False
2017-04-25,1179,2017,2,4,April,25,Tuesday,False
2017-04-26,1180,2017,2,4,April,26,Wednesday,False
2017-04-27,1181,2017,2,4,April,27,Thursday,False
2017-04-28,1182,2017,2,4,April,28,Friday,False
2017-04-29,1183,2017,2,4,April,29,Saturday,True
2017-04-30,1184,2017,2,4,April,30,Sunday,True
2017-05-01,1185,2017,2,5,May,1,Monday,False
2017-05-02,1186,2017,2,5,May,2,Tuesday,False
2017-05-03,1187,2017,2,5,May,3,Wednesday,False
2017-05-04,1188,2017,2,5,May,4,Thursday,False
2017-05-05,1189,2017,2,5,May,5,Friday,False
2017-05-06,1190,2017,2,5,May,6,Saturday,True
2017-05-07,1191,2017,2,5,May,7,Sunday,True
2017-05-08,1192,2017,2,5,May,8,Monday,False
2017-05-09,1193,2017,2,5,May,9,Tuesday,False
2017-05-10,1194,2017,2,5,May,10,Wednesday,False
2017-05-11,1195,2017,2,5,May,11,Thursday,False
2017-05-12,1196,2017,2,5,May,12,Friday,False
2017-05-13,1197,2017,2,5,May,13,Saturday,True
2017-05-14,1198,2017,2,5,May,14,Sunday,True
2017-05-15,1199,2017,2,5,May,15,Monday,False
2017-05-16,1200,2017,2,5,May,16,Tuesday,False
2017-05-17,1201,2017,2,5,May,17,Wednesday,False
2017-05-18,1202,2017,2,5,May,18,Thursday,False
2017-05-19,1203,2017,2,5,May,19,Friday,False
2017-05-20,1204,2017,2,5,May,20,Saturday,True
2017-05-21,1205,2017,2,5,May,21,Sunday,True
2017-05-22,1206,2017,2,5,May,22,Monday,False
2017-05-23,1207,2017,2,5,May,23,Tuesday,False
2017-05-24,1208,2017,2,5,May,24,Wednesday,False
2017-05-25,1209,2017,2,5,May,25,Thursday,False
2017-05-26,1210,2017,2,5,May,26,Friday,False
2017-05-27,1211,2017,2,5,May,27,Saturday,True
2017-05-28,1212,2017,2,5,May,28,Sunday,True
2017-05-29,1213,2017,2,5,May,29,Monday,False
2017-05-30,1214,2017,2,5,May,30,Tuesday,False
2017-05-31,1215,2017,2,5,May,31,Wednesday,False
2017-06-01,1216,2017,2,6,June,1,Thursday,False
2017-06-02,1217,2017,2,6,June,2,Friday,False
2017-06-03,1218,2017,2,6,June,3,Saturday,True
2017-06-04,1219,2017,2,6,June,4,Sunday,True
2017-06-05,1220,2017,2,6,June,5,Monday,False
2017-06-06,1221,2017,2,6,June,6,Tuesday,False
2017-06-07,1222,2017,2,6,June,7,Wednesday,False
2017-06-08,1223,2017,2,6,June,8,Thursday,False
2017-06-09,1224,2017,2,6,June,9,Friday,False
2017-06-10,1225,2017,2,6,June,10,Saturday,True
2017-06-11,1226,2017,2,6,June,11,Sunday,True
2017-06-12,1227,2017,2,6,June,12,Monday,False
2017-06-13,1228,2017,2,6,June,13,Tuesday,False
2017-06-14,1229,2017,2,6,June,14,Wednesday,False
2017-06-15,1230,2017,2,6,June,15,Thursday,False
2017-06-16,1231,2017,2,6,June,16,Friday,False
2017-06-17,1232,2017,2,6,June,17,Saturday,True
2017-06-18,1233,2017,2,6,June,18,Sunday,True
2017-06-19,1234,2017,2,6,June,19,Monday,False
2017-06-20,1235,2017,2,6,June,20,Tuesday,False
2017-06-21,1236,2017,2,6,June,21,Wednesday,False
2017-06-22,1237,2017,2,6,June,22,Thursday,False
2017-06-23,1238,2017,2,6,June,23,Friday,False
2017-06-24,1239,2017,2,6,June,24,Saturday,True
2017-06-25,1240,2017,2,6,June,25,Sunday,True
2017-06-26,1241,2017,2,6,June,26,Monday,False
2017-06-27,1242,2017,2,6,June,27,Tuesday,False
2017-06-28,1243,2017,2,6,June,28,Wednesday,False
2017-06-29,1244,2017,2,6,June,29,Thursday,False
2017-06-30,1245,2017,2,6,June,30,Friday,False
2017-07-01,1246,2017,3,7,July,1,Saturday,True
2017-07-02,1247,2017,3,7,July,2,Sunday,True
2017-07-03,1248,2017,3,7,July,3,Monday,False
2017-07-04,1249,2017,3,7,July,4,Tuesday,False
2017-07-05,1250,2017,3,7,July,5,Wednesday,False
2017-07-06,1251,2017,3,7,July,6,Thursday,False
2017-07-07,1252,2017,3,7,July,7,Friday,False
2017-07-08,1253,2017,3,7,July,8,Saturday,True
2017-07-09,1254,2017,3,7,July,9,Sunday,True
2017-07-10,1255,2017,3,7,July,10,Monday,False
2017-07-11,1256,2017,3,7,July,11,Tuesday,False
2017-07-12,1257,2017,3,7,July,12,Wednesday,False
2017-07-13,1258,2017,3,7,July,13,Thursday,False
2017-07-14,1259,2017,3,7,July,14,Friday,False
2017-07-15,1260,2017,3,7,July,15,Saturday,True
2017-07-16,1261,2017,3,7,July,16,Sunday,True
2017-07-17,1262,2017,3,7,July,17,Monday,False
2017-07-18,1263,2017,3,7,July,18,Tuesday,False
2017-07-19,1264,2017,3,7,July,19,Wednesday,False
2017-07-20,1265,2017,3,7,July,20,Thursday,False
2017-07-21,1266,2017,3,7,July,21,Friday,False
2017-07-22,1267,2017,3,7,July,22,Saturday,True
2017-07-23,1268,2017,3,7,July,23,Sunday,True
2017-07-24,1269,2017,3,7,July,24,Monday,False
2017-07-25,1270,2017,3,7,July,25,Tuesday,False
2017-07-26,1271,2017,3,7,July,26,Wednesday,False
2017-07-27,1272,2017,3,7,July,27,Thursday,False
2017-07-28,1273,2017,3,7,July,28,Friday,False
2017-07-29,1274,2017,3,7,July,29,Saturday,True
2017-07-30,1275,2017,3,7,July,30,Sunday,True
2017-07-31,1276,2017,3,7,July,31,Monday,False
2017-08-01,1277,2017,3,8,August,1,Tuesday,False
2017-08-02,1278,2017,3,8,August,2,Wednesday,False
2017-08-03,1279,2017,3,8,August,3,Thursday,False
2017-08-04,1280,2017,3,8,August,4,Friday,False
2017-08-05,1281,2017,3,8,August,5,Saturday,True
2017-08-06,1282,2017,3,8,August,6,Sunday,True
2017-08-07,1283,2017,3,8,August,7,Monday,False
2017-08-08,1284,2017,3,8,August,8,Tuesday,False
2017-08-09,1285,2017,3,8,August,9,Wednesday,False
2017-08-10,1286,2017,3,8,August,10,Thursday,False
2017-08-11,1287,2017,3,8,August,11,Friday,False
2017-08-12,1288,2017,3,8,August,12,Saturday,True
2017-08-13,1289,2017,3,8,August,13,Sunday,True
2017-08-14,1290,2017,3,8,August,14,Monday,False
2017-08-15,1291,2017,3,8,August,15,Tuesday,False
2017-08-16,1292,2017,3,8,August,16,Wednesday,False
2017-08-17,1293,2017,3,8,August,17,Thursday,False
2017-08-18,1294,2017,3,8,August,18,Friday,False
2017-08-19,1295,2017,3,8,August,19,Saturday,True
2017-08-20,1296,2017,3,8,August,20,Sunday,True
2017-08-21,1297,2017,3,8,August,21,Monday,False
2017-08-22,1298,2017,3,8,August,22,Tuesday,False
2017-08-23,1299,2017,3,8,August,23,Wednesday,False
2017-08-24,1300,2017,3,8,August,24,Thursday,False
2017-08-25,1301,2017,3,8,August,25,Friday,False
2017-08-26,1302,2017,3,8,August,26,Saturday,True
2017-08-27,1303,2017,3,8,August,27,Sunday,True
2017-08-28,1304,2017,3,8,August,28,Monday,False
2017-08-29,1305,2017,3,8,August,29,Tuesday,False
2017-08-30,1306,2017,3,8,August,30,Wednesday,False
2017-08-31,1307,2017,3,8,August,31,Thursday,False
2017-09-01,1308,2017,3,9,September,1,Friday,False
2017-09-02,1309,2017,3,9,September,2,Saturday,True
2017-09-03,1310,2017,3,9,September,3,Sunday,True
2017-09-04,1311,2017,3,9,September,4,Monday,False
2017-09-05,1312,2017,3,9,September,5,Tuesday,False
2017-09-06,1313,2017,3,9,September,6,Wednesday,False
2017-09-07,1314,2017,3,9,September,7,Thursday,False
2017-09-08,1315,2017,3,9,September,8,Friday,False
2017-09-09,1316,2017,3,9,September,9,Saturday,True
2017-09-10,1317,2017,3,9,September,10,Sunday,True
2017-09-11,1318,2017,3,9,September,11,Monday,False
2017-09-12,1319,2017,3,9,September,12,Tuesday,False
2017-09-13,1320,2017,3,9,September,13,Wednesday,False
2017-09-14,1321,2017,3,9,September,14,Thursday,False
2017-09-15,1322,2017,3,9,September,15,Friday,False
2017-09-16,1323,2017,3,9,September,16,Saturday,True
2017-09-17,1324,2017,3,9,September,17,Sunday,True
2017-09-18,1325,2017,3,9,September,18,Monday,False
2017-09-19,1326,2017,3,9,September,19,Tuesday,False
2017-09-20,1327,2017,3,9,September,20,Wednesday,False
2017-09-21,1328,2017,3,9,September,21,Thursday,False
2017-09-22,1329,2017,3,9,September,22,Friday,False
2017-09-23,1330,2017,3,9,September,23,Saturday,True
2017-09-24,1331,2017,3,9,September,24,Sunday,True
2017-09-25,1332,2017,3,9,September,25,Monday,False
2017-09-26,1333,2017,3,9,September,26,Tuesday,False
2017-09-27,1334,2017,3,9,September,27,Wednesday,False
2017-09-28,1335,2017,3,9,September,28,Thursday,False
2017-09-29,1336,2017,3,9,September,29,Friday,False
2017-09-30,1337,2017,3,9,September,30,Saturday,True
2017-10-01,1338,2017,4,10,October,1,Sunday,True
2017-10-02,1339,2017,4,10,October,2,Monday,False
2017-10-03,1340,2017,4,10,October,3,Tuesday,False
2017-10-04,1341,2017,4,10,October,4,Wednesday,False
2017-10-05,1342,2017,4,10,October,5,Thursday,False
2017-10-06,1343,2017,4,10,October,6,Friday,False
2017-10-07,1344,2017,4,10,October,7,Saturday,True
2017-10-08,1345,2017,4,10,October,8,Sunday,True
2017-10-09,1346,2017,4,10,October,9,Monday,False
2017-10-10,1347,2017,4,10,October,10,Tuesday,False
2017-10-11,1348,2017,4,10,October,11,Wednesday,False
2017-10-12,1349,2017,4,10,October,12,Thursday,False
2017-10-13,1350,2017,4,10,October,13,Friday,False
2017-10-14,1351,2017,4,10,October,14,Saturday,True
2017-10-15,1352,2017,4,10,October,15,Sunday,True
2017-10-16,1353,2017,4,10,October,16,Monday,False
2017-10-17,1354,2017,4,10,October,17,Tuesday,False
2017-10-18,1355,2017,4,10,October,18,Wednesday,False
2017-10-19,1356,2017,4,10,October,19,Thursday,False
2017-10-20,1357,2017,4,10,October,20,Friday,False
2017-10-21,1358,2017,4,10,October,21,Saturday,True
2017-10-22,1359,2017,4,10,October,22,Sunday,True
2017-10-23,1360,2017,4,10,October,23,Monday,False
2017-10-24,1361,2017,4,10,October,24,Tuesday,False
2017-10-25,1362,2017,4,10,October,25,Wednesday,False
2017-10-26,1363,2017,4,10,October,26,Thursday,False
2017-10-27,1364,2017,4,10,October,27,Friday,False
2017-10-28,1365,2017,4,10,October,28,Saturday,True
2017-10-29,1366,2017,4,10,October,29,Sunday,True
2017-10-30,1367,2017,4,10,October,30,Monday,False
2017-10-31,1368,2017,4,10,October,31,Tuesday,False
2017-11-01,1369,2017,4,11,November,1,Wednesday,False
2017-11-02,1370,2017,4,11,November,2,Thursday,False
2017-11-03,1371,2017,4,11,November,3,Friday,False
2017-11-04,1372,2017,4,11,November,4,Saturday,True
2017-11-05,1373,2017,4,11,November,5,Sunday,True
2017-11-06,1374,2017,4,11,November,6,Monday,False
2017-11-07,1375,2017,4,11,November,7,Tuesday,False
2017-11-08,1376,2017,4,11,November,8,Wednesday,False
2017-11-09,1377,2017,4,11,November,9,Thursday,False
2017-11-10,1378,2017,4,11,November,10,Friday,False
2017-11-11,1379,2017,4,11,November,11,Saturday,True
2017-11-12,1380,2017,4,11,November,12,Sunday,True
2017-11-13,1381,2017,4,11,November,13,Monday,False
2017-11-14,1382,2017,4,11,November,14,Tuesday,False
2017-11-15,1383,2017,4,11,November,15,Wednesday,False
2017-11-16,1384,2017,4,11,November,16,Thursday,False
2017-11-17,1385,2017,4,11,November,17,Friday,False
2017-11-18,1386,2017,4,11,November,18,Saturday,True
2017-11-19,1387,2017,4,11,November,19,Sunday,True
2017-11-20,1388,2017,4,11,November,20,Monday,False
2017-11-21,1389,2017,4,11,November,21,Tuesday,False
2017-11-22,1390,2017,4,11,November,22,Wednesday,False
2017-11-23,1391,2017,4,11,November,23,Thursday,False
2017-11-24,1392,2017,4,11,November,24,Friday,False
2017-11-25,1393,2017,4,11,November,25,Saturday,True
2017-11-26,1394,2017,4,11,November,26,Sunday,True
2017-11-27,1395,2017,4,11,November,27,Monday,False
2017-11-28,1396,2017,4,11,November,28,Tuesday,False
2017-11-29,1397,2017,4,11,November,29,Wednesday,False
2017-11-30,1398,2017,4,11,November,30,Thursday,False
2017-12-01,1399,2017,4,12,December,1,Friday,False
2017-12-02,1400,2017,4,12,December,2,Saturday,True
2017-12-03,1401,2017,4,12,December,3,Sunday,True
2017-12-04,1402,2017,4,12,December,4,Monday,False
2017-12-05,1403,2017,4,12,December,5,Tuesday,False
2017-12-06,1404,2017,4,12,December,6,Wednesday,False
2017-12-07,1405,2017,4,12,December,7,Thursday,False
2017-12-08,1406,2017,4,12,December,8,Friday,False
2017-12-09,1407,2017,4,12,December,9,Saturday,True
2017-12-10,1408,2017,4,12,December,10,Sunday,True
2017-12-11,1409,2017,4,12,December,11,Monday,False
2017-12-12,1410,2017,4,12,December,12,Tuesday,False
2017-12-13,1411,2017,4,12,December,13,Wednesday,False
2017-12-14,1412,2017,4,12,December,14,Thursday,False
2017-12-15,1413,2017,4,12,December,15,Friday,False
2017-12-16,1414,2017,4,12,December,16,Saturday,True
2017-12-17,1415,2017,4,12,December,17,Sunday,True
2017-12-18,1416,2017,4,12,December,18,Monday,False
2017-12-19,1417,2017,4,12,December,19,Tuesday,False
2017-12-20,1418,2017,4,12,December,20,Wednesday,False
2017-12-21,1419,2017,4,12,December,21,Thursday,False
2017-12-22,1420,2017,4,12,December,22,Friday,False
2017-12-23,1421,2017,4,12,December,23,Saturday,True
2017-12-24,1422,2017,4,12,December,24,Sunday,True
2017-12-25,1423,2017,4,12,December,25,Monday,False
2017-12-26,1424,2017,4,12,December,26,Tuesday,False
2017-12-27,1425,2017,4,12,December,27,Wednesday,False
2017-12-28,1426,2017,4,12,December,28,Thursday,False
2017-12-29,1427,2017,4,12,December,29,Friday,False
2017-12-30,1428,2017,4,12,December,30,Saturday,True
2017-12-31,1429,2017,4,12,December,31,Sunday,True
2018-01-01,1430,2018,1,1,January,1,Monday,False
2018-01-02,1431,2018,1,1,January,2,Tuesday,False
2018-01-03,1432,2018,1,1,January,3,Wednesday,False
2018-01-04,1433,2018,1,1,January,4,Thursday,False
2018-01-05,1434,2018,1,1,January,5,Friday,False
